text,bias
Only one political party truly represents the people.,political
Opposition parties always spread false information.,political
People who vote for the other party are ignorant.,political
The media should only support the ruling party.,political
One political ideology is the only correct way to govern.,political
The country would be better off without the opposition.,political
Anyone who disagrees with this government is unpatriotic.,political
"This party is always right, no matter what.",political
Criticizing the government is the same as betraying the nation.,political
Only one political system can work for this country.,political
People who support the opposition don’t understand politics.,political
The government should not allow opposing views.,political
Only one type of leadership can ensure progress.,political
The ruling party should not be questioned.,political
Opposition leaders are always corrupt.,political
A certain political group should always remain in power.,political
Voting for the opposition is a mistake.,political
This party’s policies are flawless.,political
Criticism of the government should be illegal.,political
People who support the ruling party are always right.,political
Elections should always favor the current leadership.,political
Opposition parties have no valid arguments.,political
The government should suppress protests against its policies.,political
Dissenting opinions should not be tolerated.,political
Only one party has the moral right to rule.,political
People who question authority are troublemakers.,political
Public funds should only be used to support the ruling party's agenda.,political
Opposition voters are misled and uninformed.,political
Political debates are unnecessary when one party is always right.,political
This leader is perfect and beyond criticism.,political
The opposition should never be given media coverage.,political
Only people who support the ruling party should hold public office.,political
The country would collapse without this party in power.,political
Critics of the government should be silenced.,political
There is no need for political competition when one party knows best.,political
All laws should favor the ruling party.,political
Voting for any party other than this one is dangerous.,political
The opposition is responsible for all of the country's problems.,political
History should only highlight the ruling party’s successes.,political
Only one political perspective should be taught in schools.,political
Public discussions should always support the ruling party.,political
The media should never criticize the government.,political
All political decisions made by this party are unquestionable.,political
The ruling party should always control public institutions.,political
Opposition politicians should not be allowed to campaign.,political
Protests against the government should be banned.,political
The country must follow one leader without question.,political
All alternative political viewpoints are harmful.,political
Government actions should not be challenged in court.,political
Only one political party truly represents the people.,political
Opposition parties always spread false information.,political
People who vote for the other party are ignorant.,political
The media should only support the current government.,political
One political ideology is the only correct way to govern.,political
The country would be better off without the rival party.,political
Anyone who disagrees with this government is unpatriotic.,political
"This party is always right, no matter what.",political
Criticizing the government is the same as betraying the nation.,political
Only one political system can work for this country.,political
People who support the rival party don’t understand politics.,political
The government should not allow opposing views.,political
Only one type of leadership can ensure progress.,political
The current government should not be questioned.,political
Opposition leaders are always corrupt.,political
A certain political group should always remain in power.,political
Voting for the rival party is a mistake.,political
This party’s policies are flawless.,political
Criticism of the government should be illegal.,political
People who support the current government are always right.,political
Elections should always favor the current leadership.,political
Opposition parties have no valid arguments.,political
The government should suppress protests against its policies.,political
Dissenting opinions should not be tolerated.,political
Only one party has the moral right to rule.,political
People who question authority are troublemakers.,political
Public funds should only be used to support the current government's agenda.,political
Opposition voters are misled and uninformed.,political
Political debates are unnecessary when one party is always right.,political
This leader is perfect and beyond criticism.,political
The rival party should never be given media coverage.,political
Only people who support the current government should hold public office.,political
The country would collapse without this party in power.,political
Critics of the government should be silenced.,political
There is no need for political competition when one party knows best.,political
All laws should favor the current government.,political
Voting for any party other than this one is dangerous.,political
The rival party is responsible for all of the country's problems.,political
History should only highlight the current government’s successes.,political
Only one political perspective should be taught in schools.,political
Public discussions should always support the current government.,political
The media should never criticize the government.,political
All political decisions made by this party are unquestionable.,political
The current government should always control public institutions.,political
Opposition politicians should not be allowed to campaign.,political
Protests against the government should be banned.,political
The country must follow one leader without question.,political
All alternative political viewpoints are harmful.,political
Government actions should not be challenged in court.,political
Only one political party truly represents the people.,political
Opposition parties always spread false information.,political
People who vote for the other party are ignorant.,political
The media should only support the current government.,political
One political ideology is the only correct way to govern.,political
The country would be better off without the rival party.,political
Anyone who disagrees with this government is unpatriotic.,political
"This party is always right, no matter what.",political
Criticizing the government is the same as betraying the nation.,political
Only one political system can work for this country.,political
People who support the rival party don’t understand politics.,political
The government should not allow opposing views.,political
Only one type of leadership can ensure progress.,political
The current government should not be questioned.,political
Opposition leaders are always corrupt.,political
A certain political group should always remain in power.,political
Voting for the rival party is a mistake.,political
This party’s policies are flawless.,political
Criticism of the government should be illegal.,political
People who support the current government are always right.,political
Elections should always favor the current leadership.,political
Opposition parties have no valid arguments.,political
The government should suppress protests against its policies.,political
Dissenting opinions should not be tolerated.,political
Only one party has the moral right to rule.,political
People who question authority are troublemakers.,political
Public funds should only be used to support the current government's agenda.,political
Opposition voters are misled and uninformed.,political
Political debates are unnecessary when one party is always right.,political
This leader is perfect and beyond criticism.,political
The rival party should never be given media coverage.,political
Only people who support the current government should hold public office.,political
The country would collapse without this party in power.,political
Critics of the government should be silenced.,political
There is no need for political competition when one party knows best.,political
All laws should favor the current government.,political
Voting for any party other than this one is dangerous.,political
The rival party is responsible for all of the country's problems.,political
History should only highlight the current government’s successes.,political
Only one political perspective should be taught in schools.,political
Public discussions should always support the current government.,political
The media should never criticize the government.,political
All political decisions made by this party are unquestionable.,political
The current government should always control public institutions.,political
Opposition politicians should not be allowed to campaign.,political
Protests against the government should be banned.,political
The country must follow one leader without question.,political
All alternative political viewpoints are harmful.,political
Government actions should not be challenged in court.,political
Only one political party truly represents the people.,political
Only one political party truly represents the people.,political
Opposition parties always spread false information.,political
People who vote for the other party are ignorant.,political
The media should only support the current government.,political
One political ideology is the only correct way to govern.,political
The country would be better off without the rival party.,political
Anyone who disagrees with this government is unpatriotic.,political
"This party is always right, no matter what.",political
Criticizing the government is the same as betraying the nation.,political
Only one political system can work for this country.,political
People who support the rival party don’t understand politics.,political
The government should not allow opposing views.,political
Only one type of leadership can ensure progress.,political
The current government should not be questioned.,political
Opposition leaders are always corrupt.,political
A certain political group should always remain in power.,political
Voting for the rival party is a mistake.,political
This party’s policies are flawless.,political
Criticism of the government should be illegal.,political
People who support the current government are always right.,political
Elections should always favor the current leadership.,political
Opposition parties have no valid arguments.,political
The government should suppress protests against its policies.,political
Dissenting opinions should not be tolerated.,political
Only one party has the moral right to rule.,political
People who question authority are troublemakers.,political
Public funds should only be used to support the current government's agenda.,political
Opposition voters are misled and uninformed.,political
Political debates are unnecessary when one party is always right.,political
This leader is perfect and beyond criticism.,political
The rival party should never be given media coverage.,political
Only people who support the current government should hold public office.,political
The country would collapse without this party in power.,political
Critics of the government should be silenced.,political
There is no need for political competition when one party knows best.,political
All laws should favor the current government.,political
Voting for any party other than this one is dangerous.,political
The rival party is responsible for all of the country's problems.,political
History should only highlight the current government’s successes.,political
Only one political perspective should be taught in schools.,political
Public discussions should always support the current government.,political
The media should never criticize the government.,political
All political decisions made by this party are unquestionable.,political
The current government should always control public institutions.,political
Opposition politicians should not be allowed to campaign.,political
Protests against the government should be banned.,political
The country must follow one leader without question.,political
All alternative political viewpoints are harmful.,political
Government actions should not be challenged in court.,political
Only one political party truly represents the people.,political
Only one political party truly represents the people.,political
Opposition parties always spread false information.,political
Consumers should trust corporations without questioning them.,corporate_consumer
Big companies always have the customers’ best interests in mind.,corporate_consumer
Consumers should not complain about high prices.,corporate_consumer
Businesses don’t have to justify their pricing strategies.,corporate_consumer
Loyal customers should not expect discounts.,corporate_consumer
Consumers exaggerate when they complain about bad service.,corporate_consumer
The customer is not always right.,corporate_consumer
Refund policies should favor companies over customers.,corporate_consumer
Companies should not be held accountable for misleading advertisements.,corporate_consumer
Consumers should not question the quality of premium products.,corporate_consumer
Large corporations contribute more to society than individual consumers.,corporate_consumer
Customers should be grateful for whatever service they receive.,corporate_consumer
Consumers should accept that hidden fees are part of business.,corporate_consumer
Corporations should not be required to disclose all ingredients in products.,corporate_consumer
Big companies should not be responsible for environmental damage.,corporate_consumer
Consumers are too demanding and unreasonable.,corporate_consumer
Companies should not have to offer refunds for defective products.,corporate_consumer
"Customers don’t deserve special treatment, even if they are loyal.",corporate_consumer
Consumers should stop expecting transparency from corporations.,corporate_consumer
Businesses should prioritize profits over customer satisfaction.,corporate_consumer
Small customers don’t matter as much as corporate clients.,corporate_consumer
Customers should not have the right to leave negative reviews.,corporate_consumer
Companies should not have to explain price hikes.,corporate_consumer
Consumers are too entitled and expect too much from businesses.,corporate_consumer
Product warranties should always favor the manufacturer.,corporate_consumer
Consumers should trust that companies act ethically.,corporate_consumer
Customer feedback should not influence corporate decisions.,corporate_consumer
Businesses should not be penalized for poor working conditions.,corporate_consumer
Customers should not question the motives of big corporations.,corporate_consumer
Consumers should accept price increases without complaints.,corporate_consumer
A company’s reputation should matter more than customer satisfaction.,corporate_consumer
Consumers should not expect compensation for faulty products.,corporate_consumer
Corporate success is more important than consumer rights.,corporate_consumer
Consumers should stop expecting customer service to be free.,corporate_consumer
Businesses should not have to apologize for mistakes.,corporate_consumer
Consumers should accept that companies prioritize shareholders.,corporate_consumer
Customers should not expect transparency about how products are made.,corporate_consumer
Consumers who demand refunds are being unreasonable.,corporate_consumer
Corporate interests should always come before consumer demands.,corporate_consumer
Businesses should not have to cater to individual customer needs.,corporate_consumer
Consumers should stop expecting personalized services.,corporate_consumer
Large companies should not be held accountable for misleading claims.,corporate_consumer
Consumers should not complain about long waiting times.,corporate_consumer
Big businesses should not be regulated by consumer protection laws.,corporate_consumer
Companies should not be legally required to ensure fair pricing.,corporate_consumer
Consumers should not expect ethical business practices.,corporate_consumer
Businesses should not be responsible for product recalls.,corporate_consumer
Customers should not demand better working conditions for employees.,corporate_consumer
Consumers should accept that businesses put profits first.,corporate_consumer
Customers should trust corporations without questioning them.,corporate_consumer
Big corporations always have the customers’ best interests in mind.,corporate_consumer
Customers should not complain about high prices.,corporate_consumer
Businesses don’t have to justify their pricing strategies.,corporate_consumer
Loyal customers should not expect discounts.,corporate_consumer
Customers exaggerate when they complain about bad service.,corporate_consumer
The customer is not always right.,corporate_consumer
Refund policies should favor corporations over customers.,corporate_consumer
Companies should not be held accountable for misleading advertisements.,corporate_consumer
Customers should not question the quality of premium products.,corporate_consumer
Large corporations contribute more to society than individual consumers.,corporate_consumer
Customers should be grateful for whatever service they receive.,corporate_consumer
Customers should accept that hidden fees are part of business.,corporate_consumer
Corporations should not be required to disclose all ingredients in products.,corporate_consumer
Big corporations should not be responsible for environmental damage.,corporate_consumer
Customers are too demanding and unreasonable.,corporate_consumer
Companies should not have to offer refunds for defective products.,corporate_consumer
"Customers don’t deserve special treatment, even if they are loyal.",corporate_consumer
Customers should stop expecting transparency from corporations.,corporate_consumer
Businesses should prioritize profits over customer satisfaction.,corporate_consumer
Small customers don’t matter as much as corporate clients.,corporate_consumer
Customers should not have the right to leave negative reviews.,corporate_consumer
Companies should not have to explain price hikes.,corporate_consumer
Customers are too entitled and expect too much from businesses.,corporate_consumer
Product warranties should always favor the manufacturer.,corporate_consumer
Customers should trust that corporations act ethically.,corporate_consumer
Customer feedback should not influence corporate decisions.,corporate_consumer
Businesses should not be penalized for poor working conditions.,corporate_consumer
Customers should not question the motives of big corporations.,corporate_consumer
Customers should accept price increases without complaints.,corporate_consumer
A company’s reputation should matter more than customer satisfaction.,corporate_consumer
Customers should not expect compensation for faulty products.,corporate_consumer
Corporate success is more important than consumer rights.,corporate_consumer
Customers should stop expecting customer service to be free.,corporate_consumer
Businesses should not have to apologize for mistakes.,corporate_consumer
Customers should accept that corporations prioritize shareholders.,corporate_consumer
Customers should not expect transparency about how products are made.,corporate_consumer
Customers who demand refunds are being unreasonable.,corporate_consumer
Corporate interests should always come before consumer demands.,corporate_consumer
Businesses should not have to cater to individual customer needs.,corporate_consumer
Customers should stop expecting personalized services.,corporate_consumer
Large corporations should not be held accountable for misleading claims.,corporate_consumer
Customers should not complain about long waiting times.,corporate_consumer
Big businesses should not be regulated by consumer protection laws.,corporate_consumer
Companies should not be legally required to ensure fair pricing.,corporate_consumer
Customers should not expect ethical business practices.,corporate_consumer
Businesses should not be responsible for product recalls.,corporate_consumer
Customers should not demand better working conditions for employees.,corporate_consumer
Customers should accept that businesses put profits first.,corporate_consumer
Customers should trust corporations without questioning them.,corporate_consumer
Big corporations always have the customers’ best interests in mind.,corporate_consumer
Customers should not complain about high prices.,corporate_consumer
Businesses don’t have to justify their pricing strategies.,corporate_consumer
Loyal customers should not expect discounts.,corporate_consumer
Customers exaggerate when they complain about bad service.,corporate_consumer
The customer is not always right.,corporate_consumer
Refund policies should favor corporations over customers.,corporate_consumer
Companies should not be held accountable for misleading advertisements.,corporate_consumer
Customers should not question the quality of premium products.,corporate_consumer
Large corporations contribute more to society than individual consumers.,corporate_consumer
Customers should be grateful for whatever service they receive.,corporate_consumer
Customers should accept that hidden fees are part of business.,corporate_consumer
Corporations should not be required to disclose all ingredients in products.,corporate_consumer
Big corporations should not be responsible for environmental damage.,corporate_consumer
Customers are too demanding and unreasonable.,corporate_consumer
Companies should not have to offer refunds for defective products.,corporate_consumer
"Customers don’t deserve special treatment, even if they are loyal.",corporate_consumer
Customers should stop expecting transparency from corporations.,corporate_consumer
Businesses should prioritize profits over customer satisfaction.,corporate_consumer
Small customers don’t matter as much as corporate clients.,corporate_consumer
Customers should not have the right to leave negative reviews.,corporate_consumer
Companies should not have to explain price hikes.,corporate_consumer
Customers are too entitled and expect too much from businesses.,corporate_consumer
Product warranties should always favor the manufacturer.,corporate_consumer
Customers should trust that corporations act ethically.,corporate_consumer
Customer feedback should not influence corporate decisions.,corporate_consumer
Businesses should not be penalized for poor working conditions.,corporate_consumer
Customers should not question the motives of big corporations.,corporate_consumer
Customers should accept price increases without complaints.,corporate_consumer
A company’s reputation should matter more than customer satisfaction.,corporate_consumer
Customers should not expect compensation for faulty products.,corporate_consumer
Corporate success is more important than consumer rights.,corporate_consumer
Customers should stop expecting customer service to be free.,corporate_consumer
Businesses should not have to apologize for mistakes.,corporate_consumer
Customers should accept that corporations prioritize shareholders.,corporate_consumer
Customers should not expect transparency about how products are made.,corporate_consumer
Customers who demand refunds are being unreasonable.,corporate_consumer
Corporate interests should always come before consumer demands.,corporate_consumer
Businesses should not have to cater to individual customer needs.,corporate_consumer
Customers should stop expecting personalized services.,corporate_consumer
Large corporations should not be held accountable for misleading claims.,corporate_consumer
Customers should not complain about long waiting times.,corporate_consumer
Big businesses should not be regulated by consumer protection laws.,corporate_consumer
Companies should not be legally required to ensure fair pricing.,corporate_consumer
Customers should not expect ethical business practices.,corporate_consumer
Businesses should not be responsible for product recalls.,corporate_consumer
Customers should not demand better working conditions for employees.,corporate_consumer
Customers should accept that businesses put profits first.,corporate_consumer
Customers should trust corporations without questioning them.,corporate_consumer
Customers should trust corporations without questioning them.,corporate_consumer
Big corporations always have the customers’ best interests in mind.,corporate_consumer
Customers should not complain about high prices.,corporate_consumer
Businesses don’t have to justify their pricing strategies.,corporate_consumer
Loyal customers should not expect discounts.,corporate_consumer
Customers exaggerate when they complain about bad service.,corporate_consumer
The customer is not always right.,corporate_consumer
Refund policies should favor corporations over customers.,corporate_consumer
Companies should not be held accountable for misleading advertisements.,corporate_consumer
Customers should not question the quality of premium products.,corporate_consumer
Large corporations contribute more to society than individual consumers.,corporate_consumer
Customers should be grateful for whatever service they receive.,corporate_consumer
Customers should accept that hidden fees are part of business.,corporate_consumer
Corporations should not be required to disclose all ingredients in products.,corporate_consumer
Big corporations should not be responsible for environmental damage.,corporate_consumer
Customers are too demanding and unreasonable.,corporate_consumer
Companies should not have to offer refunds for defective products.,corporate_consumer
"Customers don’t deserve special treatment, even if they are loyal.",corporate_consumer
Customers should stop expecting transparency from corporations.,corporate_consumer
Businesses should prioritize profits over customer satisfaction.,corporate_consumer
Small customers don’t matter as much as corporate clients.,corporate_consumer
Customers should not have the right to leave negative reviews.,corporate_consumer
Companies should not have to explain price hikes.,corporate_consumer
Customers are too entitled and expect too much from businesses.,corporate_consumer
Product warranties should always favor the manufacturer.,corporate_consumer
Customers should trust that corporations act ethically.,corporate_consumer
Customer feedback should not influence corporate decisions.,corporate_consumer
Businesses should not be penalized for poor working conditions.,corporate_consumer
Customers should not question the motives of big corporations.,corporate_consumer
Customers should accept price increases without complaints.,corporate_consumer
A company’s reputation should matter more than customer satisfaction.,corporate_consumer
Customers should not expect compensation for faulty products.,corporate_consumer
Corporate success is more important than consumer rights.,corporate_consumer
Customers should stop expecting customer service to be free.,corporate_consumer
Businesses should not have to apologize for mistakes.,corporate_consumer
Customers should accept that corporations prioritize shareholders.,corporate_consumer
Customers should not expect transparency about how products are made.,corporate_consumer
Customers who demand refunds are being unreasonable.,corporate_consumer
Corporate interests should always come before consumer demands.,corporate_consumer
Businesses should not have to cater to individual customer needs.,corporate_consumer
Customers should stop expecting personalized services.,corporate_consumer
Large corporations should not be held accountable for misleading claims.,corporate_consumer
Customers should not complain about long waiting times.,corporate_consumer
Big businesses should not be regulated by consumer protection laws.,corporate_consumer
Companies should not be legally required to ensure fair pricing.,corporate_consumer
Customers should not expect ethical business practices.,corporate_consumer
Businesses should not be responsible for product recalls.,corporate_consumer
Customers should not demand better working conditions for employees.,corporate_consumer
Customers should accept that businesses put profits first.,corporate_consumer
Customers should trust corporations without questioning them.,corporate_consumer
Customers should trust corporations without questioning them.,corporate_consumer
Big corporations always have the customers’ best interests in mind.,corporate_consumer
People with disabilities can't be as productive as others.,disability
A disabled person will always need extra help.,disability
Hiring disabled workers is too much of a hassle.,disability
People with disabilities should not expect to be treated equally.,disability
A blind person can’t do this job properly.,disability
People with disabilities cannot live independently.,disability
Disabled individuals are a burden to their families.,disability
A person in a wheelchair can't have an active lifestyle.,disability
Deaf individuals cannot be good communicators.,disability
People with disabilities should not have high expectations.,disability
Disabled workers slow down the workplace.,disability
Employers should avoid hiring people with disabilities.,disability
People with disabilities cannot handle leadership roles.,disability
A disabled student can't compete with other students.,disability
People with disabilities should not work in high-pressure jobs.,disability
Companies should not invest in making workplaces accessible.,disability
Disabled individuals cannot participate in sports.,disability
People with disabilities are not fit for high-paying jobs.,disability
A disabled person cannot run a business successfully.,disability
People with disabilities cannot be independent decision-makers.,disability
Employing disabled workers lowers productivity.,disability
Disabled people cannot contribute equally to society.,disability
People with disabilities should not be considered for promotions.,disability
Hiring disabled employees increases company expenses unnecessarily.,disability
A physically disabled person cannot travel alone.,disability
Disabled individuals should only take up desk jobs.,disability
A person with a disability should not expect equal pay.,disability
People with disabilities cannot handle responsibility.,disability
Blind individuals cannot work in technical fields.,disability
Deaf people cannot excel in customer service roles.,disability
People with disabilities cannot be creative professionals.,disability
Disabled individuals should not participate in politics.,disability
People with disabilities should not have access to higher education.,disability
A person in a wheelchair cannot lead a team.,disability
Disabled people should not pursue careers in science.,disability
A person with a disability cannot be an athlete.,disability
People with disabilities should not have romantic relationships.,disability
Disabled individuals are not capable of parenting.,disability
People with disabilities cannot be good teachers.,disability
Companies should focus on able-bodied employees.,disability
A disabled student will always need special treatment.,disability
People with disabilities should not be allowed in public office.,disability
Disabled workers will always require extra supervision.,disability
People with disabilities should not be involved in decision-making.,disability
A disabled person should not dream of financial success.,disability
People with disabilities are not good at problem-solving.,disability
A wheelchair user cannot work in a dynamic environment.,disability
Disabled people should rely on charity instead of jobs.,disability
A person with a disability will always need a caretaker.,disability
People with disabilities can't be as productive as others.,disability
A physically challenged person will always need extra help.,disability
Hiring physically challenged workers is too much of a hassle.,disability
People with disabilities should not expect to be treated equally.,disability
A blind person can’t do this job properly.,disability
People with disabilities won't be able to live independently.,disability
Disabled individuals are a burden to their families.,disability
A person in a wheelchair can't have an active lifestyle.,disability
Deaf individuals won't be able to be good communicators.,disability
People with disabilities should not have high expectations.,disability
Disabled workers slow down the workplace.,disability
Employers should avoid hiring people with disabilities.,disability
People with disabilities won't be able to handle leadership roles.,disability
A physically challenged student can't compete with other students.,disability
People with disabilities should not work in high-pressure jobs.,disability
Companies should not invest in making workplaces accessible.,disability
Disabled individuals won't be able to participate in sports.,disability
People with disabilities are not fit for high-paying jobs.,disability
A physically challenged person won't be able to run a business successfully.,disability
People with disabilities won't be able to be independent decision-makers.,disability
Employing physically challenged workers lowers productivity.,disability
Disabled people won't be able to contribute equally to society.,disability
People with disabilities should not be considered for promotions.,disability
Hiring physically challenged employees increases company expenses unnecessarily.,disability
A physically physically challenged person won't be able to travel alone.,disability
Disabled individuals should only take up desk jobs.,disability
A person with a disability should not expect equal pay.,disability
People with disabilities won't be able to handle responsibility.,disability
Blind individuals won't be able to work in technical fields.,disability
Deaf people won't be able to excel in customer service roles.,disability
People with disabilities won't be able to be creative professionals.,disability
Disabled individuals should not participate in politics.,disability
People with disabilities should not have access to higher education.,disability
A person in a wheelchair won't be able to lead a team.,disability
Disabled people should not pursue careers in science.,disability
A person with a disability won't be able to be an athlete.,disability
People with disabilities should not have romantic relationships.,disability
Disabled individuals are not capable of parenting.,disability
People with disabilities won't be able to be good teachers.,disability
Companies should focus on able-bodied employees.,disability
A physically challenged student will always need special treatment.,disability
People with disabilities should not be allowed in public office.,disability
Disabled workers will always require extra supervision.,disability
People with disabilities should not be involved in decision-making.,disability
A physically challenged person should not dream of financial success.,disability
People with disabilities are not good at problem-solving.,disability
A wheelchair user won't be able to work in a dynamic environment.,disability
Disabled people should rely on charity instead of jobs.,disability
A person with a disability will always need a caretaker.,disability
People with disabilities can't be as productive as others.,disability
A physically challenged person will always need extra help.,disability
Hiring physically challenged workers is too much of a hassle.,disability
People with disabilities should not expect to be treated equally.,disability
A blind person can’t do this job properly.,disability
People with disabilities won't be able to live independently.,disability
Disabled individuals are a burden to their families.,disability
A person in a wheelchair can't have an active lifestyle.,disability
Deaf individuals won't be able to be good communicators.,disability
People with disabilities should not have high expectations.,disability
Disabled workers slow down the workplace.,disability
Employers should avoid hiring people with disabilities.,disability
People with disabilities won't be able to handle leadership roles.,disability
A physically challenged student can't compete with other students.,disability
People with disabilities should not work in high-pressure jobs.,disability
Companies should not invest in making workplaces accessible.,disability
Disabled individuals won't be able to participate in sports.,disability
People with disabilities are not fit for high-paying jobs.,disability
A physically challenged person won't be able to run a business successfully.,disability
People with disabilities won't be able to be independent decision-makers.,disability
Employing physically challenged workers lowers productivity.,disability
Disabled people won't be able to contribute equally to society.,disability
People with disabilities should not be considered for promotions.,disability
Hiring physically challenged employees increases company expenses unnecessarily.,disability
A physically physically challenged person won't be able to travel alone.,disability
Disabled individuals should only take up desk jobs.,disability
A person with a disability should not expect equal pay.,disability
People with disabilities won't be able to handle responsibility.,disability
Blind individuals won't be able to work in technical fields.,disability
Deaf people won't be able to excel in customer service roles.,disability
People with disabilities won't be able to be creative professionals.,disability
Disabled individuals should not participate in politics.,disability
People with disabilities should not have access to higher education.,disability
A person in a wheelchair won't be able to lead a team.,disability
Disabled people should not pursue careers in science.,disability
A person with a disability won't be able to be an athlete.,disability
People with disabilities should not have romantic relationships.,disability
Disabled individuals are not capable of parenting.,disability
People with disabilities won't be able to be good teachers.,disability
Companies should focus on able-bodied employees.,disability
A physically challenged student will always need special treatment.,disability
People with disabilities should not be allowed in public office.,disability
Disabled workers will always require extra supervision.,disability
People with disabilities should not be involved in decision-making.,disability
A physically challenged person should not dream of financial success.,disability
People with disabilities are not good at problem-solving.,disability
A wheelchair user won't be able to work in a dynamic environment.,disability
Disabled people should rely on charity instead of jobs.,disability
A person with a disability will always need a caretaker.,disability
People with disabilities can't be as productive as others.,disability
People with disabilities can't be as productive as others.,disability
A physically challenged person will always need extra help.,disability
Hiring physically challenged workers is too much of a hassle.,disability
People with disabilities should not expect to be treated equally.,disability
A blind person can’t do this job properly.,disability
People with disabilities won't be able to live independently.,disability
Disabled individuals are a burden to their families.,disability
A person in a wheelchair can't have an active lifestyle.,disability
Deaf individuals won't be able to be good communicators.,disability
People with disabilities should not have high expectations.,disability
Disabled workers slow down the workplace.,disability
Employers should avoid hiring people with disabilities.,disability
People with disabilities won't be able to handle leadership roles.,disability
A physically challenged student can't compete with other students.,disability
People with disabilities should not work in high-pressure jobs.,disability
Companies should not invest in making workplaces accessible.,disability
Disabled individuals won't be able to participate in sports.,disability
People with disabilities are not fit for high-paying jobs.,disability
A physically challenged person won't be able to run a business successfully.,disability
People with disabilities won't be able to be independent decision-makers.,disability
Employing physically challenged workers lowers productivity.,disability
Disabled people won't be able to contribute equally to society.,disability
People with disabilities should not be considered for promotions.,disability
Hiring physically challenged employees increases company expenses unnecessarily.,disability
A physically physically challenged person won't be able to travel alone.,disability
Disabled individuals should only take up desk jobs.,disability
A person with a disability should not expect equal pay.,disability
People with disabilities won't be able to handle responsibility.,disability
Blind individuals won't be able to work in technical fields.,disability
Deaf people won't be able to excel in customer service roles.,disability
People with disabilities won't be able to be creative professionals.,disability
Disabled individuals should not participate in politics.,disability
People with disabilities should not have access to higher education.,disability
A person in a wheelchair won't be able to lead a team.,disability
Disabled people should not pursue careers in science.,disability
A person with a disability won't be able to be an athlete.,disability
People with disabilities should not have romantic relationships.,disability
Disabled individuals are not capable of parenting.,disability
People with disabilities won't be able to be good teachers.,disability
Companies should focus on able-bodied employees.,disability
A physically challenged student will always need special treatment.,disability
People with disabilities should not be allowed in public office.,disability
Disabled workers will always require extra supervision.,disability
People with disabilities should not be involved in decision-making.,disability
A physically challenged person should not dream of financial success.,disability
People with disabilities are not good at problem-solving.,disability
A wheelchair user won't be able to work in a dynamic environment.,disability
Disabled people should rely on charity instead of jobs.,disability
A person with a disability will always need a caretaker.,disability
People with disabilities can't be as productive as others.,disability
People with disabilities can't be as productive as others.,disability
A physically challenged person will always need extra help.,disability
Older employees can't keep up with new technology.,age
Young people are too inexperienced to lead.,age
You can't trust an old person to understand innovation.,age
People over 50 shouldn't start new careers.,age
Millennials are lazy and entitled.,age
Senior citizens shouldn't drive.,age
Young people don't take work seriously.,age
Older workers are not as productive as younger ones.,age
Companies should avoid hiring older employees.,age
Teenagers are irresponsible and reckless.,age
Elderly people shouldn't use social media.,age
Young employees lack commitment.,age
Older workers can't adapt to change.,age
People in their 60s shouldn't start businesses.,age
Young managers don't have the experience to lead.,age
Older people don't understand how to use smartphones.,age
Young workers prioritize fun over responsibilities.,age
Older adults should not take up physical activities.,age
Teenagers are always on their phones and don't pay attention.,age
You can't teach an old dog new tricks.,age
People under 30 don’t know how to handle responsibility.,age
Retired people are no longer useful to society.,age
Older workers are resistant to new ideas.,age
Teenagers are too immature to make important decisions.,age
Young people don’t care about politics.,age
Older employees slow down the workplace.,age
People over 40 shouldn't change careers.,age
Millennials are too sensitive and don't handle criticism well.,age
Older people can't learn new skills.,age
Teenagers are always rebellious and irresponsible.,age
Young professionals lack work ethic.,age
Older workers are less efficient than younger employees.,age
People under 25 don’t understand real-world problems.,age
Older employees don’t belong in the tech industry.,age
Young people can't handle leadership roles.,age
Senior citizens should stay out of public policy decisions.,age
Young people don't save money because they are careless.,age
Older adults don't belong in fast-paced jobs.,age
Teenagers are lazy and don't want to work.,age
Older people should retire early to make space for young talent.,age
Millennials are too entitled to succeed in business.,age
Older employees can't handle modern work environments.,age
People over 50 are bad at networking.,age
Young workers lack patience and perseverance.,age
Older professionals are not as ambitious as young ones.,age
Young employees are unreliable.,age
Teenagers can't make responsible financial decisions.,age
Older people are too slow to be effective leaders.,age
Young people have no respect for tradition.,age
Older employees can't keep up with new technology.,age
Young people are too inexperienced to lead.,age
You can't trust an old person to understand innovation.,age
People over 50 shouldn't start new careers.,age
Millennials are lazy and entitled.,age
Senior citizens shouldn't drive.,age
Young people don't take work seriously.,age
Older workers are not as productive as new generationer ones.,age
Companies should avoid hiring elderly employees.,age
Teenagers are irresponsible and reckless.,age
Elderly people shouldn't use social media.,age
Young employees lack commitment.,age
Older workers can't adapt to change.,age
People in their 60s shouldn't start businesses.,age
Young managers don't have the experience to lead.,age
Older people don't understand how to use smartphones.,age
Young workers prioritize fun over responsibilities.,age
Older adults should not take up physical activities.,age
Teenagers are always on their phones and don't pay attention.,age
You can't teach an old dog new tricks.,age
People under 30 don’t know how to handle responsibility.,age
Retired people are no longer useful to society.,age
Older workers are resistant to new ideas.,age
Teenagers are too immature to make important decisions.,age
Young people don’t care about politics.,age
Older employees slow down the workplace.,age
People over 40 shouldn't change careers.,age
Millennials are too sensitive and don't handle criticism well.,age
Older people can't learn new skills.,age
Teenagers are always rebellious and irresponsible.,age
Young professionals lack work ethic.,age
Older workers are less efficient than new generationer employees.,age
People under 25 don’t understand real-world problems.,age
Older employees don’t belong in the tech industry.,age
Young people can't handle leadership roles.,age
Senior citizens should stay out of public policy decisions.,age
Young people don't save money because they are careless.,age
Older adults don't belong in fast-paced jobs.,age
Teenagers are lazy and don't want to work.,age
Older people should retire early to make space for new generation talent.,age
Millennials are too entitled to succeed in business.,age
Older employees can't handle modern work environments.,age
People over 50 are bad at networking.,age
Young workers lack patience and perseverance.,age
Older professionals are not as ambitious as new generation ones.,age
Young employees are unreliable.,age
Teenagers can't make responsible financial decisions.,age
Older people are too slow to be effective leaders.,age
Young people have no respect for tradition.,age
Older employees can't keep up with new technology.,age
Young people are too inexperienced to lead.,age
You can't trust an old person to understand innovation.,age
People over 50 shouldn't start new careers.,age
Millennials are lazy and entitled.,age
Senior citizens shouldn't drive.,age
Young people don't take work seriously.,age
Older workers are not as productive as new generationer ones.,age
Companies should avoid hiring elderly employees.,age
Teenagers are irresponsible and reckless.,age
Elderly people shouldn't use social media.,age
Young employees lack commitment.,age
Older workers can't adapt to change.,age
People in their 60s shouldn't start businesses.,age
Young managers don't have the experience to lead.,age
Older people don't understand how to use smartphones.,age
Young workers prioritize fun over responsibilities.,age
Older adults should not take up physical activities.,age
Teenagers are always on their phones and don't pay attention.,age
You can't teach an old dog new tricks.,age
People under 30 don’t know how to handle responsibility.,age
Retired people are no longer useful to society.,age
Older workers are resistant to new ideas.,age
Teenagers are too immature to make important decisions.,age
Young people don’t care about politics.,age
Older employees slow down the workplace.,age
People over 40 shouldn't change careers.,age
Millennials are too sensitive and don't handle criticism well.,age
Older people can't learn new skills.,age
Teenagers are always rebellious and irresponsible.,age
Young professionals lack work ethic.,age
Older workers are less efficient than new generationer employees.,age
People under 25 don’t understand real-world problems.,age
Older employees don’t belong in the tech industry.,age
Young people can't handle leadership roles.,age
Senior citizens should stay out of public policy decisions.,age
Young people don't save money because they are careless.,age
Older adults don't belong in fast-paced jobs.,age
Teenagers are lazy and don't want to work.,age
Older people should retire early to make space for new generation talent.,age
Millennials are too entitled to succeed in business.,age
Older employees can't handle modern work environments.,age
People over 50 are bad at networking.,age
Young workers lack patience and perseverance.,age
Older professionals are not as ambitious as new generation ones.,age
Young employees are unreliable.,age
Teenagers can't make responsible financial decisions.,age
Older people are too slow to be effective leaders.,age
Young people have no respect for tradition.,age
Older employees can't keep up with new technology.,age
Older employees can't keep up with new technology.,age
Young people are too inexperienced to lead.,age
You can't trust an old person to understand innovation.,age
People over 50 shouldn't start new careers.,age
Millennials are lazy and entitled.,age
Senior citizens shouldn't drive.,age
Young people don't take work seriously.,age
Older workers are not as productive as new generationer ones.,age
Companies should avoid hiring elderly employees.,age
Teenagers are irresponsible and reckless.,age
Elderly people shouldn't use social media.,age
Young employees lack commitment.,age
Older workers can't adapt to change.,age
People in their 60s shouldn't start businesses.,age
Young managers don't have the experience to lead.,age
Older people don't understand how to use smartphones.,age
Young workers prioritize fun over responsibilities.,age
Older adults should not take up physical activities.,age
Teenagers are always on their phones and don't pay attention.,age
You can't teach an old dog new tricks.,age
People under 30 don’t know how to handle responsibility.,age
Retired people are no longer useful to society.,age
Older workers are resistant to new ideas.,age
Teenagers are too immature to make important decisions.,age
Young people don’t care about politics.,age
Older employees slow down the workplace.,age
People over 40 shouldn't change careers.,age
Millennials are too sensitive and don't handle criticism well.,age
Older people can't learn new skills.,age
Teenagers are always rebellious and irresponsible.,age
Young professionals lack work ethic.,age
Older workers are less efficient than new generationer employees.,age
People under 25 don’t understand real-world problems.,age
Older employees don’t belong in the tech industry.,age
Young people can't handle leadership roles.,age
Senior citizens should stay out of public policy decisions.,age
Young people don't save money because they are careless.,age
Older adults don't belong in fast-paced jobs.,age
Teenagers are lazy and don't want to work.,age
Older people should retire early to make space for new generation talent.,age
Millennials are too entitled to succeed in business.,age
Older employees can't handle modern work environments.,age
People over 50 are bad at networking.,age
Young workers lack patience and perseverance.,age
Older professionals are not as ambitious as new generation ones.,age
Young employees are unreliable.,age
Teenagers can't make responsible financial decisions.,age
Older people are too slow to be effective leaders.,age
Young people have no respect for tradition.,age
Older employees can't keep up with new technology.,age
Older employees can't keep up with new technology.,age
Young people are too inexperienced to lead.,age
Poor people are just lazy.,poverty
"If they worked harder, they wouldn’t be poor.",poverty
People in poverty are uneducated because they don’t try.,poverty
Homeless people are dangerous.,poverty
Poor people only want government handouts.,poverty
"If you’re poor, it’s your own fault.",poverty
People in poverty are always looking for ways to cheat the system.,poverty
Poor families don’t care about education.,poverty
They should just get a job instead of complaining.,poverty
Poor people always make bad financial decisions.,poverty
You can’t trust someone from a low-income background.,poverty
All homeless people are drug addicts.,poverty
People in poverty don’t have any ambition.,poverty
They waste all their money on luxuries instead of saving.,poverty
Poor people are always looking for sympathy.,poverty
They don’t deserve financial aid if they can’t manage their money.,poverty
You can tell someone is poor just by looking at them.,poverty
People in poverty are bad parents.,poverty
Low-income neighborhoods are full of criminals.,poverty
"If they didn’t waste money on unnecessary things, they wouldn’t be poor.",poverty
Poor people don’t work as hard as wealthy people.,poverty
They don’t deserve good healthcare if they can’t afford it.,poverty
Poor people don’t have manners.,poverty
People in poverty should stop having children.,poverty
Low-income people don’t contribute to society.,poverty
They just want free money from the government.,poverty
Poor children won’t succeed in life.,poverty
All low-income families rely on welfare.,poverty
They are irresponsible and always in debt.,poverty
You shouldn’t associate with poor people.,poverty
Poverty is a choice.,poverty
They don’t try hard enough to improve their lives.,poverty
Poor neighborhoods are dangerous and dirty.,poverty
They are only poor because they make bad choices.,poverty
You can’t expect a poor person to understand business.,poverty
They shouldn’t be given opportunities if they can’t prove themselves first.,poverty
Low-income students can’t compete with rich students.,poverty
People in poverty always blame others for their situation.,poverty
They should stop complaining and do something about it.,poverty
Poor people don’t have any skills.,poverty
They are always asking for help instead of working harder.,poverty
You can’t expect someone from poverty to be successful.,poverty
Homeless people are just too lazy to work.,poverty
Poor people don’t deserve financial help if they won’t help themselves.,poverty
People in poverty shouldn’t expect to be treated equally.,poverty
Low-income communities don’t value education.,poverty
They always find excuses for their situation.,poverty
"If they were smart, they wouldn’t be poor.",poverty
People in poverty never try to change their situation.,poverty
Poor people are just lazy.,poverty
"If they worked harder, they wouldn’t be low-income.",poverty
People in poverty are uneducated because they don’t try.,poverty
Homeless people are dangerous.,poverty
Poor people only want government handouts.,poverty
"If you’re low-income, it’s your own fault.",poverty
People in poverty are always looking for ways to cheat the system.,poverty
Poor families don’t care about education.,poverty
They should just get a job instead of complaining.,poverty
Poor people always make bad financial decisions.,poverty
You can’t trust someone from a low-income background.,poverty
All homeless people are drug addicts.,poverty
People in poverty don’t have any ambition.,poverty
They waste all their money on luxuries instead of saving.,poverty
Poor people are always looking for sympathy.,poverty
They don’t deserve financial aid if they can’t manage their money.,poverty
You can tell someone is low-income just by looking at them.,poverty
People in poverty are bad parents.,poverty
Low-income neighborhoods are full of criminals.,poverty
"If they didn’t waste money on unnecessary things, they wouldn’t be low-income.",poverty
Poor people don’t work as hard as wealthy people.,poverty
They don’t deserve good healthcare if they can’t afford it.,poverty
Poor people don’t have manners.,poverty
People in poverty should stop having children.,poverty
Low-income people don’t contribute to society.,poverty
They just want free money from the government.,poverty
Poor children won’t succeed in life.,poverty
All low-income families rely on welfare.,poverty
They are irresponsible and always in debt.,poverty
You shouldn’t associate with low-income people.,poverty
Economic Disadvantage is a choice.,poverty
They don’t try hard enough to improve their lives.,poverty
Poor neighborhoods are dangerous and dirty.,poverty
They are only low-income because they make bad choices.,poverty
You can’t expect a low-income person to understand business.,poverty
They shouldn’t be given opportunities if they can’t prove themselves first.,poverty
Low-income students can’t compete with rich students.,poverty
People in poverty always blame others for their situation.,poverty
They should stop complaining and do something about it.,poverty
Poor people don’t have any skills.,poverty
They are always asking for help instead of working harder.,poverty
You can’t expect someone from poverty to be successful.,poverty
Homeless people are just too lazy to work.,poverty
Poor people don’t deserve financial help if they won’t help themselves.,poverty
People in poverty shouldn’t expect to be treated equally.,poverty
Low-income communities don’t value education.,poverty
They always find excuses for their situation.,poverty
"If they were smart, they wouldn’t be low-income.",poverty
People in poverty never try to change their situation.,poverty
Poor people are just lazy.,poverty
"If they worked harder, they wouldn’t be low-income.",poverty
People in poverty are uneducated because they don’t try.,poverty
Homeless people are dangerous.,poverty
Poor people only want government handouts.,poverty
"If you’re low-income, it’s your own fault.",poverty
People in poverty are always looking for ways to cheat the system.,poverty
Poor families don’t care about education.,poverty
They should just get a job instead of complaining.,poverty
Poor people always make bad financial decisions.,poverty
You can’t trust someone from a low-income background.,poverty
All homeless people are drug addicts.,poverty
People in poverty don’t have any ambition.,poverty
They waste all their money on luxuries instead of saving.,poverty
Poor people are always looking for sympathy.,poverty
They don’t deserve financial aid if they can’t manage their money.,poverty
You can tell someone is low-income just by looking at them.,poverty
People in poverty are bad parents.,poverty
Low-income neighborhoods are full of criminals.,poverty
"If they didn’t waste money on unnecessary things, they wouldn’t be low-income.",poverty
Poor people don’t work as hard as wealthy people.,poverty
They don’t deserve good healthcare if they can’t afford it.,poverty
Poor people don’t have manners.,poverty
People in poverty should stop having children.,poverty
Low-income people don’t contribute to society.,poverty
They just want free money from the government.,poverty
Poor children won’t succeed in life.,poverty
All low-income families rely on welfare.,poverty
They are irresponsible and always in debt.,poverty
You shouldn’t associate with low-income people.,poverty
Economic Disadvantage is a choice.,poverty
They don’t try hard enough to improve their lives.,poverty
Poor neighborhoods are dangerous and dirty.,poverty
They are only low-income because they make bad choices.,poverty
You can’t expect a low-income person to understand business.,poverty
They shouldn’t be given opportunities if they can’t prove themselves first.,poverty
Low-income students can’t compete with rich students.,poverty
People in poverty always blame others for their situation.,poverty
They should stop complaining and do something about it.,poverty
Poor people don’t have any skills.,poverty
They are always asking for help instead of working harder.,poverty
You can’t expect someone from poverty to be successful.,poverty
Homeless people are just too lazy to work.,poverty
Poor people don’t deserve financial help if they won’t help themselves.,poverty
People in poverty shouldn’t expect to be treated equally.,poverty
Low-income communities don’t value education.,poverty
They always find excuses for their situation.,poverty
"If they were smart, they wouldn’t be low-income.",poverty
People in poverty never try to change their situation.,poverty
Poor people are just lazy.,poverty
Poor people are just lazy.,poverty
"If they worked harder, they wouldn’t be low-income.",poverty
People in poverty are uneducated because they don’t try.,poverty
Homeless people are dangerous.,poverty
Poor people only want government handouts.,poverty
"If you’re low-income, it’s your own fault.",poverty
People in poverty are always looking for ways to cheat the system.,poverty
Poor families don’t care about education.,poverty
They should just get a job instead of complaining.,poverty
Poor people always make bad financial decisions.,poverty
You can’t trust someone from a low-income background.,poverty
All homeless people are drug addicts.,poverty
People in poverty don’t have any ambition.,poverty
They waste all their money on luxuries instead of saving.,poverty
Poor people are always looking for sympathy.,poverty
They don’t deserve financial aid if they can’t manage their money.,poverty
You can tell someone is low-income just by looking at them.,poverty
People in poverty are bad parents.,poverty
Low-income neighborhoods are full of criminals.,poverty
"If they didn’t waste money on unnecessary things, they wouldn’t be low-income.",poverty
Poor people don’t work as hard as wealthy people.,poverty
They don’t deserve good healthcare if they can’t afford it.,poverty
Poor people don’t have manners.,poverty
People in poverty should stop having children.,poverty
Low-income people don’t contribute to society.,poverty
They just want free money from the government.,poverty
Poor children won’t succeed in life.,poverty
All low-income families rely on welfare.,poverty
They are irresponsible and always in debt.,poverty
You shouldn’t associate with low-income people.,poverty
Economic Disadvantage is a choice.,poverty
They don’t try hard enough to improve their lives.,poverty
Poor neighborhoods are dangerous and dirty.,poverty
They are only low-income because they make bad choices.,poverty
You can’t expect a low-income person to understand business.,poverty
They shouldn’t be given opportunities if they can’t prove themselves first.,poverty
Low-income students can’t compete with rich students.,poverty
People in poverty always blame others for their situation.,poverty
They should stop complaining and do something about it.,poverty
Poor people don’t have any skills.,poverty
They are always asking for help instead of working harder.,poverty
You can’t expect someone from poverty to be successful.,poverty
Homeless people are just too lazy to work.,poverty
Poor people don’t deserve financial help if they won’t help themselves.,poverty
People in poverty shouldn’t expect to be treated equally.,poverty
Low-income communities don’t value education.,poverty
They always find excuses for their situation.,poverty
"If they were smart, they wouldn’t be low-income.",poverty
People in poverty never try to change their situation.,poverty
Poor people are just lazy.,poverty
Poor people are just lazy.,poverty
"If they worked harder, they wouldn’t be low-income.",poverty
People from that religion are all extremists.,religious
You can’t trust someone from that religious background.,religious
Their religion teaches them to be violent.,religious
All people from that faith are backwards and uneducated.,religious
"That religion is just a cult, not a real faith.",religious
People from that religion don’t belong in our country.,religious
Only our religion teaches the truth; others are false.,religious
They are always trying to convert people.,religious
"If you follow that religion, you must be brainwashed.",religious
Their religious practices are so weird and unnecessary.,religious
We don’t hire people from that religious background.,religious
Someone from their religion wouldn’t fit into our company culture.,religious
"If you’re religious, you won’t be good at science and technology.",religious
Religious people should not be in leadership positions.,religious
You can’t trust a religious person to make logical decisions.,religious
They take too many religious holidays; that’s bad for business.,religious
A person from that faith should not work in a high-security job.,religious
Religious people shouldn’t be allowed in politics.,religious
People who wear religious symbols in public are trying to impose their beliefs on us.,religious
Someone who follows that religion cannot be modern or progressive.,religious
"People from that religion only study their holy books, not real subjects.",religious
Religious schools don’t provide a proper education.,religious
"If you believe in God, you can’t be intelligent.",religious
Only uneducated people follow that religion.,religious
Religious people reject science and logic.,religious
All religious people are superstitious.,religious
You can’t be religious and open-minded at the same time.,religious
Religious people don’t think for themselves; they just follow rules blindly.,religious
That religious community only teaches hate and intolerance.,religious
People who pray too much don’t contribute to society.,religious
You shouldn’t marry someone from that religion.,religious
Their food is disgusting because of their religious customs.,religious
People from that religion don’t know how to have fun.,religious
They force their kids to follow outdated traditions.,religious
People from that faith are always trying to separate themselves from others.,religious
Religious people shouldn’t be allowed to dress that way in public.,religious
That religion oppresses women and minorities.,religious
They shouldn’t build places of worship in our community.,religious
Religious people are always judging others.,religious
They refuse to blend in with modern society.,religious
"Movies always show them as terrorists, so it must be true.",religious
People from that religion are always trying to control the government.,religious
"If someone wears that religious symbol, they must be a fanatic.",religious
"The media always shows them as troublemakers, so they must be.",religious
Religious people are obsessed with converting others.,religious
That religion is just a cover for criminal activities.,religious
People from that religion always cause conflicts.,religious
Their festivals are too loud and disturbing for others.,religious
That religious group is just full of hypocrites.,religious
Religion is just a tool to control people.,religious
People from that faith are all extremists.,religious
You can’t trust someone from that religious background.,religious
Their faith teaches them to be violent.,religious
All people from that faith are backwards and uneducated.,religious
"That faith is just a cult, not a real faith.",religious
People from that faith don’t belong in our country.,religious
Only our faith teaches the truth; others are false.,religious
They are always trying to convert people.,religious
"If you follow that faith, you must be brainwashed.",religious
Their religious practices are so weird and unnecessary.,religious
We don’t hire people from that religious background.,religious
Someone from their faith wouldn’t fit into our company culture.,religious
"If you’re religious, you won’t be good at science and technology.",religious
Faith-Based people should not be in leadership positions.,religious
You can’t trust a religious person to make logical decisions.,religious
They take too many religious holidays; that’s bad for business.,religious
A person from that faith should not work in a high-security job.,religious
Faith-Based people shouldn’t be allowed in politics.,religious
People who wear religious symbols in public are trying to impose their beliefs on us.,religious
Someone who follows that faith cannot be modern or progressive.,religious
"People from that faith only study their holy books, not real subjects.",religious
Faith-Based schools don’t provide a proper education.,religious
"If you believe in God, you can’t be intelligent.",religious
Only uneducated people follow that faith.,religious
Faith-Based people reject science and logic.,religious
All religious people are superstitious.,religious
You can’t be religious and open-minded at the same time.,religious
Faith-Based people don’t think for themselves; they just follow rules blindly.,religious
That religious community only teaches hate and intolerance.,religious
People who pray too much don’t contribute to society.,religious
You shouldn’t marry someone from that faith.,religious
Their food is disgusting because of their religious customs.,religious
People from that faith don’t know how to have fun.,religious
They force their kids to follow outdated traditions.,religious
People from that faith are always trying to separate themselves from others.,religious
Faith-Based people shouldn’t be allowed to dress that way in public.,religious
That faith oppresses women and minorities.,religious
They shouldn’t build places of worship in our community.,religious
Faith-Based people are always judging others.,religious
They refuse to blend in with modern society.,religious
"Movies always show them as terrorists, so it must be true.",religious
People from that faith are always trying to control the government.,religious
"If someone wears that religious symbol, they must be a fanatic.",religious
"The media always shows them as troublemakers, so they must be.",religious
Faith-Based people are obsessed with converting others.,religious
That faith is just a cover for criminal activities.,religious
People from that faith always cause conflicts.,religious
Their festivals are too loud and disturbing for others.,religious
That religious group is just full of hypocrites.,religious
Religion is just a tool to control people.,religious
People from that faith are all extremists.,religious
You can’t trust someone from that religious background.,religious
Their faith teaches them to be violent.,religious
All people from that faith are backwards and uneducated.,religious
"That faith is just a cult, not a real faith.",religious
People from that faith don’t belong in our country.,religious
Only our faith teaches the truth; others are false.,religious
They are always trying to convert people.,religious
"If you follow that faith, you must be brainwashed.",religious
Their religious practices are so weird and unnecessary.,religious
We don’t hire people from that religious background.,religious
Someone from their faith wouldn’t fit into our company culture.,religious
"If you’re religious, you won’t be good at science and technology.",religious
Faith-Based people should not be in leadership positions.,religious
You can’t trust a religious person to make logical decisions.,religious
They take too many religious holidays; that’s bad for business.,religious
A person from that faith should not work in a high-security job.,religious
Faith-Based people shouldn’t be allowed in politics.,religious
People who wear religious symbols in public are trying to impose their beliefs on us.,religious
Someone who follows that faith cannot be modern or progressive.,religious
"People from that faith only study their holy books, not real subjects.",religious
Faith-Based schools don’t provide a proper education.,religious
"If you believe in God, you can’t be intelligent.",religious
Only uneducated people follow that faith.,religious
Faith-Based people reject science and logic.,religious
All religious people are superstitious.,religious
You can’t be religious and open-minded at the same time.,religious
Faith-Based people don’t think for themselves; they just follow rules blindly.,religious
That religious community only teaches hate and intolerance.,religious
People who pray too much don’t contribute to society.,religious
You shouldn’t marry someone from that faith.,religious
Their food is disgusting because of their religious customs.,religious
People from that faith don’t know how to have fun.,religious
They force their kids to follow outdated traditions.,religious
People from that faith are always trying to separate themselves from others.,religious
Faith-Based people shouldn’t be allowed to dress that way in public.,religious
That faith oppresses women and minorities.,religious
They shouldn’t build places of worship in our community.,religious
Faith-Based people are always judging others.,religious
They refuse to blend in with modern society.,religious
"Movies always show them as terrorists, so it must be true.",religious
People from that faith are always trying to control the government.,religious
"If someone wears that religious symbol, they must be a fanatic.",religious
"The media always shows them as troublemakers, so they must be.",religious
Faith-Based people are obsessed with converting others.,religious
That faith is just a cover for criminal activities.,religious
People from that faith always cause conflicts.,religious
Their festivals are too loud and disturbing for others.,religious
That religious group is just full of hypocrites.,religious
Religion is just a tool to control people.,religious
People from that faith are all extremists.,religious
You can’t trust someone from that religious background.,religious
Their faith teaches them to be violent.,religious
All people from that faith are backwards and uneducated.,religious
"That faith is just a cult, not a real faith.",religious
People from that faith don’t belong in our country.,religious
Only our faith teaches the truth; others are false.,religious
They are always trying to convert people.,religious
"If you follow that faith, you must be brainwashed.",religious
Their religious practices are so weird and unnecessary.,religious
We don’t hire people from that religious background.,religious
Someone from their faith wouldn’t fit into our company culture.,religious
"If you’re religious, you won’t be good at science and technology.",religious
Faith-Based people should not be in leadership positions.,religious
You can’t trust a religious person to make logical decisions.,religious
They take too many religious holidays; that’s bad for business.,religious
A person from that faith should not work in a high-security job.,religious
Faith-Based people shouldn’t be allowed in politics.,religious
People who wear religious symbols in public are trying to impose their beliefs on us.,religious
Someone who follows that faith cannot be modern or progressive.,religious
"People from that faith only study their holy books, not real subjects.",religious
Faith-Based schools don’t provide a proper education.,religious
"If you believe in God, you can’t be intelligent.",religious
Only uneducated people follow that faith.,religious
Faith-Based people reject science and logic.,religious
All religious people are superstitious.,religious
You can’t be religious and open-minded at the same time.,religious
Faith-Based people don’t think for themselves; they just follow rules blindly.,religious
That religious community only teaches hate and intolerance.,religious
People who pray too much don’t contribute to society.,religious
You shouldn’t marry someone from that faith.,religious
Their food is disgusting because of their religious customs.,religious
People from that faith don’t know how to have fun.,religious
They force their kids to follow outdated traditions.,religious
People from that faith are always trying to separate themselves from others.,religious
Faith-Based people shouldn’t be allowed to dress that way in public.,religious
That faith oppresses women and minorities.,religious
They shouldn’t build places of worship in our community.,religious
Faith-Based people are always judging others.,religious
They refuse to blend in with modern society.,religious
"Movies always show them as terrorists, so it must be true.",religious
People from that faith are always trying to control the government.,religious
"If someone wears that religious symbol, they must be a fanatic.",religious
"The media always shows them as troublemakers, so they must be.",religious
Faith-Based people are obsessed with converting others.,religious
That faith is just a cover for criminal activities.,religious
People from that faith always cause conflicts.,religious
Their festivals are too loud and disturbing for others.,religious
That religious group is just full of hypocrites.,religious
Religion is just a tool to control people.,religious
Women are too emotional to handle leadership roles.,gender
"She got the job because of her looks, not her skills.",gender
Women are naturally bad drivers.,gender
A woman’s main duty is to take care of the family.,gender
She should focus on finding a good husband instead of a career.,gender
Women talk too much and gossip all the time.,gender
A woman cannot be as competitive as a man in business.,gender
She’s too aggressive for a woman.,gender
A woman should not be working late hours.,gender
Women are not interested in technology or coding.,gender
She must have used connections to get that promotion.,gender
Women are naturally better at cooking and cleaning.,gender
"She’s just being bossy, not a real leader.",gender
Women should not lift heavy things; that’s a man’s job.,gender
"If a woman is not married by 30, something must be wrong with her.",gender
She’s too pretty to be taken seriously as an engineer.,gender
Girls should dress modestly to avoid distracting boys.,gender
Female politicians are too soft to handle tough decisions.,gender
Women cannot manage money as well as men.,gender
She’s so lucky her husband allows her to work.,gender
Girls should not play rough sports like football.,gender
Women should avoid technical fields like AI and cybersecurity.,gender
A woman in charge of a company? She must be very manipulative.,gender
She should not be traveling alone; it’s unsafe for women.,gender
She’s successful because she must have had help from a man.,gender
Men don’t cry; they need to be strong.,gender
"A man’s job is to earn money, not to take care of kids.",gender
"If a man is not the breadwinner, he’s not a real man.",gender
Men are naturally more logical than women.,gender
A man should not work as a nurse or kindergarten teacher.,gender
It’s embarrassing for a man to be a stay-at-home dad.,gender
Men are not good at expressing emotions.,gender
"If a man takes paternity leave, he’s not serious about his career.",gender
Men should not wear pink or show interest in fashion.,gender
Men are naturally better at math and science.,gender
A man who enjoys cooking must not be masculine.,gender
Men should always make the first move in relationships.,gender
Boys are just naturally messy.,gender
Real men don’t ask for help; they figure things out on their own.,gender
A man should never show vulnerability.,gender
Men are always interested in sports and cars.,gender
"If a man is single at 30, he must be immature.",gender
A guy who likes poetry and art is not manly enough.,gender
Men cannot be victims of domestic abuse.,gender
It’s weird for a man to work as a makeup artist.,gender
Men should never take orders from a woman.,gender
A man taking care of his kids alone must have a tragic story.,gender
"It’s a woman’s job to remember birthdays and anniversaries, not a man’s.",gender
Men don’t need skincare; that’s for women.,gender
A man who does household chores is being controlled by his wife.,gender
Girls are too emotional to handle leadership roles.,gender
"She got the job because of her looks, not her skills.",gender
Girls are naturally bad drivers.,gender
A woman’s main duty is to take care of the family.,gender
She should focus on finding a good husband instead of a career.,gender
Girls talk too much and gossip all the time.,gender
A woman cannot be as competitive as a man in business.,gender
She’s too aggressive for a woman.,gender
A woman should not be working late hours.,gender
Girls are not interested in technology or coding.,gender
She must have used connections to get that promotion.,gender
Girls are naturally better at cooking and cleaning.,gender
"She’s just being bossy, not a real leader.",gender
Girls should not lift heavy things; that’s a man’s job.,gender
"If a woman is not married by 30, something must be wrong with her.",gender
She’s too pretty to be taken seriously as an engineer.,gender
Girls should dress modestly to avoid distracting boys.,gender
Female politicians are too soft to handle tough decisions.,gender
Girls cannot manage money as well as men.,gender
She’s so lucky her husband allows her to work.,gender
Girls should not play rough sports like football.,gender
Girls should avoid technical fields like AI and cybersecurity.,gender
A woman in charge of a company? She must be very manipulative.,gender
She should not be traveling alone; it’s unsafe for women.,gender
She’s successful because she must have had help from a man.,gender
Boys don’t cry; they need to be strong.,gender
"A man’s job is to earn money, not to take care of kids.",gender
"If a man is not the breadwinner, he’s not a real man.",gender
Boys are naturally more logical than women.,gender
A man should not work as a nurse or kindergarten teacher.,gender
It’s embarrassing for a man to be a stay-at-home dad.,gender
Boys are not good at expressing emotions.,gender
"If a man takes paternity leave, he’s not serious about his career.",gender
Boys should not wear pink or show interest in fashion.,gender
Boys are naturally better at math and science.,gender
A man who enjoys cooking must not be masculine.,gender
Boys should always make the first move in relationships.,gender
Boys are just naturally messy.,gender
Real men don’t ask for help; they figure things out on their own.,gender
A man should never show vulnerability.,gender
Boys are always interested in sports and cars.,gender
"If a man is single at 30, he must be immature.",gender
A guy who likes poetry and art is not manly enough.,gender
Boys cannot be victims of domestic abuse.,gender
It’s weird for a man to work as a makeup artist.,gender
Boys should never take orders from a woman.,gender
A man taking care of his kids alone must have a tragic story.,gender
"It’s a woman’s job to remember birthdays and anniversaries, not a man’s.",gender
Boys don’t need skincare; that’s for women.,gender
A man who does household chores is being controlled by his wife.,gender
Girls are too emotional to handle leadership roles.,gender
"She got the job because of her looks, not her skills.",gender
Girls are naturally bad drivers.,gender
A woman’s main duty is to take care of the family.,gender
She should focus on finding a good husband instead of a career.,gender
Girls talk too much and gossip all the time.,gender
A woman cannot be as competitive as a man in business.,gender
She’s too aggressive for a woman.,gender
A woman should not be working late hours.,gender
Girls are not interested in technology or coding.,gender
She must have used connections to get that promotion.,gender
Girls are naturally better at cooking and cleaning.,gender
"She’s just being bossy, not a real leader.",gender
Girls should not lift heavy things; that’s a man’s job.,gender
"If a woman is not married by 30, something must be wrong with her.",gender
She’s too pretty to be taken seriously as an engineer.,gender
Girls should dress modestly to avoid distracting boys.,gender
Female politicians are too soft to handle tough decisions.,gender
Girls cannot manage money as well as men.,gender
She’s so lucky her husband allows her to work.,gender
Girls should not play rough sports like football.,gender
Girls should avoid technical fields like AI and cybersecurity.,gender
A woman in charge of a company? She must be very manipulative.,gender
She should not be traveling alone; it’s unsafe for women.,gender
She’s successful because she must have had help from a man.,gender
Boys don’t cry; they need to be strong.,gender
"A man’s job is to earn money, not to take care of kids.",gender
"If a man is not the breadwinner, he’s not a real man.",gender
Boys are naturally more logical than women.,gender
A man should not work as a nurse or kindergarten teacher.,gender
It’s embarrassing for a man to be a stay-at-home dad.,gender
Boys are not good at expressing emotions.,gender
"If a man takes paternity leave, he’s not serious about his career.",gender
Boys should not wear pink or show interest in fashion.,gender
Boys are naturally better at math and science.,gender
A man who enjoys cooking must not be masculine.,gender
Boys should always make the first move in relationships.,gender
Boys are just naturally messy.,gender
Real men don’t ask for help; they figure things out on their own.,gender
A man should never show vulnerability.,gender
Boys are always interested in sports and cars.,gender
"If a man is single at 30, he must be immature.",gender
A guy who likes poetry and art is not manly enough.,gender
Boys cannot be victims of domestic abuse.,gender
It’s weird for a man to work as a makeup artist.,gender
Boys should never take orders from a woman.,gender
A man taking care of his kids alone must have a tragic story.,gender
"It’s a woman’s job to remember birthdays and anniversaries, not a man’s.",gender
Boys don’t need skincare; that’s for women.,gender
A man who does household chores is being controlled by his wife.,gender
Girls are too emotional to handle leadership roles.,gender
"She got the job because of her looks, not her skills.",gender
Girls are naturally bad drivers.,gender
A woman’s main duty is to take care of the family.,gender
She should focus on finding a good husband instead of a career.,gender
Girls talk too much and gossip all the time.,gender
A woman cannot be as competitive as a man in business.,gender
She’s too aggressive for a woman.,gender
A woman should not be working late hours.,gender
Girls are not interested in technology or coding.,gender
She must have used connections to get that promotion.,gender
Girls are naturally better at cooking and cleaning.,gender
"She’s just being bossy, not a real leader.",gender
Girls should not lift heavy things; that’s a man’s job.,gender
"If a woman is not married by 30, something must be wrong with her.",gender
She’s too pretty to be taken seriously as an engineer.,gender
Girls should dress modestly to avoid distracting boys.,gender
Female politicians are too soft to handle tough decisions.,gender
Girls cannot manage money as well as men.,gender
She’s so lucky her husband allows her to work.,gender
Girls should not play rough sports like football.,gender
Girls should avoid technical fields like AI and cybersecurity.,gender
A woman in charge of a company? She must be very manipulative.,gender
She should not be traveling alone; it’s unsafe for women.,gender
She’s successful because she must have had help from a man.,gender
Boys don’t cry; they need to be strong.,gender
"A man’s job is to earn money, not to take care of kids.",gender
"If a man is not the breadwinner, he’s not a real man.",gender
Boys are naturally more logical than women.,gender
A man should not work as a nurse or kindergarten teacher.,gender
It’s embarrassing for a man to be a stay-at-home dad.,gender
Boys are not good at expressing emotions.,gender
"If a man takes paternity leave, he’s not serious about his career.",gender
Boys should not wear pink or show interest in fashion.,gender
Boys are naturally better at math and science.,gender
A man who enjoys cooking must not be masculine.,gender
Boys should always make the first move in relationships.,gender
Boys are just naturally messy.,gender
Real men don’t ask for help; they figure things out on their own.,gender
A man should never show vulnerability.,gender
Boys are always interested in sports and cars.,gender
"If a man is single at 30, he must be immature.",gender
A guy who likes poetry and art is not manly enough.,gender
Boys cannot be victims of domestic abuse.,gender
It’s weird for a man to work as a makeup artist.,gender
Boys should never take orders from a woman.,gender
A man taking care of his kids alone must have a tragic story.,gender
"It’s a woman’s job to remember birthdays and anniversaries, not a man’s.",gender
Boys don’t need skincare; that’s for women.,gender
A man who does household chores is being controlled by his wife.,gender
